ID,feature_0,feature_1,feature_2,feature_3,feature_4,feature_5,feature_6,feature_7,feature_8,feature_9,feature_10,feature_11,feature_12,feature_13,feature_14,feature_15,feature_16,feature_17,feature_18,feature_19,label
0,-1.0095457647,0.430918552913,1.0548260456,1.13688683136,0.331369641182,0.473410243716,-1.3159957352,-0.559438440567,0.354211646593,-1.4097787226,-0.509336171235,-1.37802441178,-0.484939422421,-0.585451217226,0.893488330413,0.196295869205,0.625785347486,0.542470955695,0.50971677017,0.111268441927,0
1,-0.533326905965,-1.50873677446,-0.34290694309,1.20998814633,-0.121432209503,2.17519253923,-1.90812162529,-0.0792849924825,0.54294569206,0.0662914657022,-0.404924275028,0.200380820627,1.32964688725,-1.53408369389,-0.891541403662,0.632828052141,-1.1958962068,-0.0143708352355,-1.06793979007,2.04010731888,0
2,-1.10008138362,0.625568669444,0.427448663159,1.47560739661,-0.757983948391,0.742849114651,1.3903168792,0.466455441708,-1.36955702444,0.463250687573,0.502832760994,-1.73857717735,-0.124088505581,1.23707550495,-0.158015727015,-0.773606518172,1.66895146392,-1.5557649848,-1.50215368215,-0.304625546855,0
3,0.987272226648,0.127954678819,-1.17405744276,-0.381831407507,-1.27142676028,0.790539353568,-1.20056726023,-1.96079298424,1.19200289058,0.930961307264,0.798552216147,-0.0057894083372,0.51314245127,0.00795299008713,0.845649910439,0.655119388918,0.173325235909,0.156725575537,0.733806622881,0.12422342221,0
4,1.53150693636,-0.0546332232784,1.09333004633,0.950633714567,-0.484140638248,0.812963629544,-0.0542086919937,0.135370531087,-0.0128043170929,0.293059906976,1.84171259422,-0.462816735319,1.48486384103,0.772491646491,-0.0960564142683,-2.88307976879,-0.24246089061,0.99642635912,0.543628907303,0.550040876407,0
5,0.298073824786,0.462520739565,0.524744111404,0.420807110374,1.23224196345,-1.023528758,-1.61803518743,0.692738366817,-0.463124687965,0.476508849034,-0.0741931539446,-1.51245331667,0.531711677526,-0.378848823672,-0.37579305328,-0.161216349246,0.00228214604438,-0.606219195857,1.46881830745,1.04870940848,0
6,-1.69149716875,-0.110731526495,-0.89052777733,-0.354725885866,-1.96015499811,-1.31068038361,-0.858499567475,1.87768367136,-1.41998572037,-0.225285233878,0.662067176456,1.40957491722,-0.38945993004,-0.483749414019,-0.69543744838,-0.481201755767,1.81626609234,1.66829180254,1.35667189438,-0.711177524468,0
7,-0.329712795956,0.505430669252,-0.740158756853,-0.273718607827,0.185322003157,2.13457803002,0.672176393513,0.930831664628,0.194059065785,-0.248622913075,-1.3232783538,0.702479691607,-0.655390144107,0.0135332933004,1.8743255816,-2.33769672925,-0.0838050604782,-0.0996435026021,-0.601914444121,0.214256966902,0
8,-1.33214595282,0.842922492507,0.986116035483,1.096691584,1.10503606251,-0.382535875315,0.265602039623,0.108307499529,1.32985623437,1.1537629915,0.724894755831,0.969248115617,-1.46967635089,0.20859013459,-1.7401543479,-1.84124122839,0.36496315433,-0.589184238941,-0.418407044688,-0.0509137362506,0
9,0.861923250749,0.340663753332,1.00863710197,-1.19301866706,-0.92443410106,0.430424390134,1.02462170381,-0.464245470122,0.320728865817,-0.767122495645,1.44686629685,0.31125606544,1.0941597615,0.570589012033,1.53784212212,0.152671073193,-1.01560069471,1.97135994947,1.39385325556,0.578688276993,0
10,-0.246053418953,-1.76146959613,-1.25788667585,0.619384813371,-0.0366823426316,-0.888333784747,1.60663458852,-0.64123270509,-0.0483197883393,0.451256364718,-2.0481651828,0.191814067411,-1.42356761049,1.28885177357,-0.279536791913,0.211195503514,-1.43253664311,1.27090835631,-0.179103178735,0.613837964859,0
11,0.77405762634,0.970062290627,0.695556272859,-0.706661471533,-0.159073404543,0.220746623589,-0.906059221838,0.492909741012,-0.235113156934,-1.75745819199,0.200009742434,1.55555832294,-1.5608704549,0.896758346613,0.457517858279,-0.939163854728,-0.890742998288,0.432065470976,0.116981443744,0.556964216107,0
12,0.146272833571,-0.126922653252,0.201814438528,0.334667469739,0.531149227128,0.097779783799,1.8098722523,0.544693074714,0.273041554355,0.869262240589,-0.255236323423,0.0208775860324,-0.290325558708,-0.849292314397,0.0638525592305,1.43300449293,1.17053935069,0.463154763774,-1.40557844212,-2.84978710587,0
13,-0.46468465773,1.29487498929,0.807078664235,1.43070075385,0.0128267654036,0.00229620815825,-0.143205507897,1.1925321557,0.753286192953,0.598090493269,0.0405021742173,-0.369528788711,1.1335724743,-0.0991532507684,0.801808214465,0.06658267792,-0.507430010977,1.13318909075,-0.413423325186,1.50683050201,0
14,-0.746617560481,-1.37310937416,-1.62308073626,-1.73583920992,0.510624882695,-0.0783744106313,-1.65074673506,0.676646490016,-1.43503512012,0.724134272875,0.218065179046,0.212207624286,0.511731869047,-0.250201081912,-0.172484299779,0.85269831989,-1.21009754283,-0.56020684777,1.11711467639,0.16197873436,0
15,0.571004773085,0.287995817918,-0.834368617175,0.39045761378,-0.328582874542,1.6517275106,-0.562351526652,-0.567582034551,-0.564378522454,2.06196341726,1.0677161958,1.27463529294,0.484503505118,-0.433417795724,-0.649108473537,-1.15703663866,-1.28278787774,-0.565667670075,1.20695244918,-0.661707645433,0
16,0.535707939958,0.444414994942,-2.05479141846,0.209973119282,-0.0816845629949,-0.907377287364,0.917890816457,-0.579702811142,-0.307478568671,1.27988427981,0.156820196686,1.49663492697,-0.121309733418,0.158096415374,-0.0042119832015,-0.0432929278028,-1.19407791718,2.66204035156,-0.280035720128,-0.929183380104,0
17,1.40103372317,-0.736971522541,0.100734318882,0.358282334282,-0.535313859442,-2.83469203051,0.545287982475,-0.199913222341,-0.627085267624,0.540289036242,-0.718444331123,-0.760679816612,0.694861570748,0.0298099689684,1.30160286214,0.0213886537164,0.692784084563,0.341813621361,-0.22643438087,-2.05668521368,0
18,-0.186969212796,-0.574820996347,-0.288960842018,-1.52646487483,1.18544976029,-0.853633485691,2.24074397739,0.0556332908849,-1.5575871433,0.523552619628,0.679984157302,0.788653320598,0.313836569951,0.609293703733,0.118071480874,0.797668034929,0.875814992169,-1.00631925299,-0.0353382480052,-0.729917045206,0
19,-0.0467840513922,0.409746650598,0.939424189345,1.0443567838,-1.08260285454,-0.264960736659,1.02674645014,-0.273442119767,-0.517163919404,-0.178735531955,0.157203027757,0.54699268304,0.0978102106213,-0.661140265658,-0.85842079147,-0.162955296449,0.574178157808,-0.625394238347,0.362891585541,-0.913684617904,0
20,1.17278207289,1.66059659925,1.14328966487,1.0217052537,-0.159222299143,0.540918321371,-0.511300937714,1.72986694553,0.482738403541,0.433354976723,-1.42094404342,0.163200579203,1.68196730824,0.993927831957,-0.248028648066,-0.568468598474,-0.377323188376,-2.17164530391,-0.940885503178,-0.499381742645,0
21,-1.07712746534,0.916151330505,-1.02307413563,-1.18018932894,0.0872259802379,-0.414097849074,-0.573224422608,-0.255998243098,-0.694680708192,0.478854353874,1.64185034793,0.795822137158,-0.663672442625,0.710587902062,0.00110276978456,0.0274610049917,-0.409733857809,-0.0318069756733,-0.0164986984924,-1.55558890285,0
22,0.548560177479,-1.06237004707,-0.243238060336,0.159724271695,0.301161705574,-0.279669198626,0.958875389922,0.627795040263,0.25314385959,0.66149350978,0.387146053223,-0.377999853886,-0.69962868431,0.547498257641,1.45497745307,-0.857516639251,0.293860635051,1.2778176663,1.49091368416,-1.75996704765,0
23,1.53259456359,1.5422751241,-0.940763974384,-0.218142708424,0.408198021027,1.03869908071,0.127772373527,1.1830426795,-0.526454659335,0.994497596126,0.721941934401,-1.22204825654,-0.900297291011,-0.544759579406,0.30729410032,1.07026496134,1.05412088886,0.313547034182,-1.59061681176,2.39261895194,0
24,1.46288324374,0.850916974612,-1.10045148041,0.285123172421,0.0318340336781,-0.857770606217,0.486188810511,-0.629010848628,-0.0686076933292,0.13796488043,-0.910863274829,0.993208355893,0.0376852347877,0.892601763309,1.31569316468,-0.701169881049,0.245110856168,0.37188043876,1.40956324818,1.33900726814,0
25,-0.238681251307,-1.36055101121,0.185303250003,-1.27016162049,1.21090896687,0.382485552601,-0.537704415465,1.04058614446,-1.19054794331,-0.324543978565,-1.88617093787,-0.64860830209,-0.0170818839183,-0.964282385375,0.786362734141,1.08277385841,-0.640724965794,2.07381659913,-0.439067985733,0.649890815699,0
26,-1.22569583564,0.588879087094,0.200047321891,-0.822611265397,-1.70475193788,0.0925763000311,-2.18801514865,0.886166738182,0.159341331731,1.73988792948,-0.376585842561,-0.488243061348,-1.04251325637,0.870488029435,1.11413935096,0.490016742149,-0.434144648144,-0.838517996453,-1.10740843676,0.846224116321,0
27,1.28539549161,-1.02022123402,0.207217687984,-0.990998581549,0.123886216844,1.38096870802,0.294118292139,-0.372068787439,-1.99672969934,0.313900079735,0.658167031375,-1.45474017796,0.33189285594,0.690796449414,-0.271385086183,-0.541672793072,1.52071805446,0.0479716154393,-0.0308103034941,-0.604319946871,0
28,2.58786917594,-1.38184782287,2.38021999096,-1.65155067866,-2.7785065971,0.0825038969951,1.73103615972,0.129133730014,-0.918880649777,0.903397058104,-1.06382422092,-0.79698691074,1.02869392032,1.85628534175,0.0184857519495,-1.33565084106,-0.691556174101,-0.268447804829,1.71860451807,0.779850053727,0
29,0.62920037915,0.35645018996,1.23031918556,-2.66040084314,-0.835835015856,0.38597637439,-0.489198066376,-0.609884453228,1.80024799434,0.894670882272,-0.868789797702,0.0886682114711,-1.23304567711,0.581240058932,0.915107041613,2.00885283757,1.32767363817,1.78691470951,1.61465262744,-1.68255694249,0
30,-0.463296608437,-0.919011005688,0.141386006073,-0.0220212475828,-1.64371159929,-0.409812030853,-0.0496457095914,-0.52842820617,1.8148417378,-2.41326492211,-2.62819199543,0.104334257843,0.184821446318,-0.425297732429,0.889344914063,-0.80565290138,-0.332549870879,-0.477024166707,-0.1910426665,0.0129260279824,0
31,0.905165243088,-1.41830128769,-0.949735605528,0.425262811344,2.20901273826,0.430681791636,1.53032832732,0.348045010659,1.93463383346,-1.23442165047,-1.59169584124,0.710887460326,0.300411057132,0.853287524918,-0.227705099088,-1.10339585892,-1.58985603989,1.03001200552,0.0110155077943,-0.105653096303,0
32,1.49660733895,-1.0718895478,-1.19951577771,-0.730394072537,-0.399672312133,-0.0855705183994,-3.20199265155,-1.64130165235,-0.364079529687,-0.709728649027,-0.137340506982,0.393001586373,-0.350617286415,0.235458308248,-0.515868284665,-0.316300531744,1.37644754081,1.08833469877,0.834151231533,0.50963346348,0
33,0.471383644485,-0.585025151958,-1.48626458675,0.402738876205,0.207827402352,-0.643727459013,1.49985664532,-0.607482085771,1.6523420206,1.22765344523,1.46470154458,0.93565176119,1.01761589579,-0.396028201226,-0.0515488817884,-0.172607925886,-0.407668407709,-0.0978343303747,-1.56332770468,-0.641311498088,0
34,-1.31553934136,-0.0458484497675,1.33740762068,1.62865302593,0.66670408656,0.0429887592598,2.50933024172,-0.361853517711,0.971948982979,0.740136512448,-1.36029065322,0.229253788528,0.736958325273,-1.05460425511,-0.29441182621,0.668008434886,-0.0229772805751,-0.191047581692,-0.45350341023,-1.02510498802,0
35,-0.304522247195,0.888883673051,0.52362217336,-0.82305036749,-1.21967241216,0.419612827217,0.747804863868,0.819081749961,1.247998538,-1.26042919255,-0.325539986162,0.332749648883,-0.185690006681,-2.31667224669,-1.03847905909,-1.63640564995,-1.25195041827,-1.33187014394,-0.855472495482,-0.923934918665,0
36,-0.152882038823,-1.14036354606,-1.06656378461,0.453372514623,0.27446424962,-0.0128103445953,-0.401343688332,-0.116369850989,0.101762768821,-0.733516032867,-0.771837713962,-0.531323098667,0.969704048137,1.04552844181,-1.13778729324,1.67728207169,0.562023933214,1.16458036548,1.1400588827,0.65511672886,0
37,0.210091938873,0.650325424658,-0.0734583175726,-0.171410211837,0.509716012538,0.97031826143,-0.264785786412,-0.619947903413,-0.0035255933745,-0.634143216136,-0.729403567208,-1.2903414487,1.11726495173,-0.0639186798033,0.219053639009,-0.634020366621,-1.40946943013,-0.143567816977,0.745663124851,0.17206179893,0
38,-0.725283022906,1.02196100539,1.85932483383,1.58251725325,2.29087640968,-2.80928466472,0.084655756607,-0.0794921189029,0.7269091451,0.136589332873,-1.03697349772,0.847692497569,-0.162325226646,0.335370561491,1.68762326612,-0.9816564804,-0.184220907292,-0.653618121581,-0.754620562424,0.388679904683,0
39,1.3594332792,0.429465278861,-0.809803947983,0.0804847380583,0.0137805860053,0.508430560128,-0.346943389765,0.084833834471,1.34882929768,0.831969717114,-2.10844436561,-0.579917340212,0.658633417045,1.73343332414,-0.734869768664,1.16965275694,0.558400342739,0.159186253627,-1.03682958943,-0.980891345008,0
40,1.33530862736,0.177281654863,1.93725233745,0.313104390799,0.279419935494,0.241911271051,0.492512065882,-1.74621360533,-0.393007059546,0.565017202557,0.953499914163,-1.06758499577,-0.301929353769,1.47010365302,-1.59819135927,-0.790243636398,0.30845701246,-0.556489534863,0.223128875067,1.42071895393,0
41,-0.417568556151,1.30672167847,1.09221356549,0.712468226172,0.0739920133747,0.346041726519,1.19390814617,-0.656859362149,-0.0452948925759,1.53865531807,0.92677462781,1.05532072301,0.446934420358,1.14730670869,0.325424758257,-1.14306649324,0.152783226251,0.202620474688,-1.08693859368,1.88090999003,0
42,0.446212200432,0.993065027983,-0.487781631211,1.91981714455,-2.2268637332,2.18495950536,1.349473451,-0.29744589826,0.0184503167236,-0.11617695994,0.837153871846,-2.74352602035,-1.05065205467,-1.38805405624,0.125675655057,0.808884281262,-1.6023045612,-1.0078600414,2.01933152787,1.25743318073,0
43,-0.460810388584,0.404075528606,-0.29553513682,0.742237449059,-0.227253053713,0.339439853904,-0.329024219115,0.10639060514,0.114796727083,0.961018362816,-0.487270625806,-1.20031656004,-1.65909269471,-0.599073987465,-1.26586599376,1.82879244103,-1.36331944734,-0.974472176156,-0.767667974866,0.443706757519,0
44,-0.0196964623319,0.256281868152,-0.727201844705,-0.444086625214,-1.68692607461,0.184951396058,-1.26830080962,2.32349145753,-1.94237108789,1.23482723213,1.75640472353,3.91630135285,-0.380209151087,1.77228186265,-0.278223724734,1.24189390341,0.559950780247,-0.144302653119,2.17843417427,2.25030454744,0
45,-0.168220920978,-0.359109968102,0.227436186772,0.185500206308,-1.08596549813,-0.661817282802,0.293975766905,0.0949064624826,-0.0864485992854,-1.59415477211,-0.826830935574,0.0254434812414,-0.322556576944,1.51158760254,-0.842131210046,-0.57854307894,-0.451629424664,-0.482749978668,-1.52586647708,0.616532013185,0
46,0.441534148977,1.6540621029,-0.00592402661976,0.780776823004,-0.598814608425,-2.12523101661,-0.782132488904,0.220612536766,0.731205714419,-1.437732227,-0.419813567858,1.66012900145,1.0311921878,1.04541211949,1.35662177734,-0.712863303844,-1.88203202805,2.28837679693,-0.546656113476,0.505468490117,0
47,-1.32199754706,0.464493926867,0.712599641795,-0.1502678264,0.777530924452,-0.592727974069,0.776488329339,-2.88786598462,-1.74851980096,0.758522589762,-0.315556160022,0.697664441821,-0.924113924086,-0.331243209041,0.731689486267,1.70283229055,-0.502913070089,-1.31005852334,-0.90069701021,-2.61193380954,0
48,-0.46084923421,-0.889968923227,-0.632023114755,0.0277674370539,-1.48131211819,-0.978564792871,1.1584460159,0.150140482553,-0.0799198376453,0.500309056687,-0.0349616057213,0.983404647696,0.643038901335,1.20422625715,0.526251354655,0.115856729734,0.13874271579,1.09813460664,-0.435997309596,-1.31921511449,0
49,-0.430025961394,0.168093445098,-0.28688537671,0.271066626717,1.01614198425,0.332975392453,-0.121239442876,-2.06686099875,-0.60984750038,-0.428505034038,-0.602443064858,0.0317033965498,-0.065901728533,-0.923442210086,0.184517733017,-0.859278666352,1.99304552185,-0.964106010015,0.288526051906,2.43168785829,0
50,-1.80933603289,0.173322456516,-0.588002873154,0.751439065195,1.72580462959,-1.17564395748,0.715960097596,0.51580314449,-0.302583272247,0.455212696719,0.454137196943,-0.841139636678,0.759202386848,0.405163357565,1.86526859977,0.0282237169288,0.555373480899,1.40415051991,0.749253069228,1.09987255886,0
51,0.545257213584,-1.11164031188,0.55856956989,-1.19044346713,-1.43332417355,0.374472897509,-0.105555404605,0.566792915062,0.548376460512,0.697156630625,0.670202093907,-0.49426796591,-0.355414157622,-1.59390546751,0.925615471857,0.334305146288,0.63503510523,0.895393149024,0.830411725234,-1.65030450759,0
52,0.912013299497,-0.161455797589,0.501968233745,0.585537995373,1.15892081022,2.00541303901,-0.137174313053,-0.42464513143,-0.631014920697,-0.431792746873,0.814224943529,2.36652597925,-0.14084052102,1.36616574986,-0.0867832192712,2.82661048899,0.273508454012,-0.657753738623,0.792344497247,1.96910925835,0
53,0.96050248477,-0.453965725783,1.17065721115,-0.648625738948,0.374853983089,-0.458195476844,0.711738353381,-1.22206897908,-0.864373295506,0.196760166395,-0.33776981681,-1.1646936827,0.324474077778,1.6678905078,0.0614260840814,0.836763482423,-0.37566863565,1.73287720413,-1.32574772928,-0.206239582133,0
54,1.39673085746,-1.22643744615,0.357980645331,-0.873108179362,-0.588821683483,-1.00830058501,-0.791788908201,-1.45047030434,0.995673885504,0.0937220504672,0.871255473848,1.81848575986,-1.30825176985,-0.298657402199,-1.38999760183,0.224503777234,-0.245725481503,-0.226146514396,-1.54214566443,-1.50025909914,0
55,-0.822486090885,0.613013368572,-0.363040136871,1.65247506104,-0.476740093348,-1.26126926103,0.452281138473,-0.497851224156,0.200273780302,0.540981040285,-1.66410251481,0.464561334232,-1.72420426531,-1.25063134662,0.862767581808,-1.09953096257,-0.932656008651,0.229794324603,-0.255913651437,0.362086919702,0
56,-2.36236679739,-0.315191922474,2.29243433309,0.353240964057,0.40757294938,0.245110495328,0.504704513354,0.0969532271777,0.340472019003,-2.58201366243,0.688620687669,0.436065958358,0.249068458373,-0.212714974417,0.0718759758728,-0.979654368823,-0.440073576436,-1.1688272938,0.250698752472,0.9920171189,0
57,-1.23280542025,0.79128346518,-0.630979520399,0.591711368177,0.110420118057,0.212362752614,-1.58909140196,1.0040365581,-0.670971043821,1.21371509485,-1.01684634928,-0.34700828391,0.64063740932,-1.3335345257,0.434532684871,-0.695185087817,0.240485880635,0.00724584695908,-0.455794783877,0.424815857142,0
58,0.321069161981,1.56149112995,-1.69870893119,0.88351309091,2.87402068256,-1.23704886044,0.383528155686,1.52491773718,-0.497238898312,1.14996540868,0.718027656985,0.301181007373,-0.383261076629,-0.725768726883,-0.399137461276,0.439041536579,-0.532913018154,1.08960747963,1.58136533864,-0.330403735696,0
59,-0.419993256646,0.961169753978,0.947649595721,-0.206754367576,0.171455392867,-2.75902491051,-0.529954107474,-0.299175544776,1.20214463438,0.725214425833,-0.34345380556,0.529604480221,-0.740832117952,0.673592307547,0.14287754112,-2.23436971587,-0.794455073554,-0.285281659353,-1.15228828257,0.26348828014,0
60,2.0645631957,0.848727299078,-1.3863483629,0.756658659649,-0.839104671145,-0.55636302031,1.009961492,0.308728807221,0.396344017053,0.264589491576,-0.286443932522,0.0331131387313,-1.84943168768,1.88105798187,-0.86834837697,0.15208662427,0.367527179235,-0.95495326344,0.0102174610479,-1.11477409155,0
61,0.496818888605,-1.43668931555,0.78839145988,0.856311807228,1.44697397927,-0.806000957119,-0.143978144232,-0.996066404798,0.765459786585,-0.264672506835,1.41039572584,-0.610228337905,-0.138339401576,0.562847262157,-0.144313319496,0.518164319197,1.49995034123,1.46692258231,1.99727121097,-2.18476852428,0
62,-1.91284471902,1.77667636905,0.522490177769,0.819876999357,-0.859615798494,-0.519634223712,0.869334652829,-0.635524065444,1.19103431019,-0.266664775514,-0.106011809915,0.103801634811,1.55206615061,0.784642371616,1.23269519136,-0.3323809201,1.72325395541,1.08024153571,1.33939466254,-0.880095208599,0
63,0.339787170288,-0.839607170611,-1.49517230306,-0.0407586610634,-0.245296426535,-1.36219142839,-0.982909838512,-0.797983598177,-0.133768459829,-0.176994426119,-0.42879423459,-0.870920379246,-0.311124965184,1.41249911035,1.85747375648,-1.15520132629,0.0617496635622,-0.637519723016,0.582884950696,1.17927762991,0
64,-1.20459807658,-0.807277741094,-0.107036458222,0.406812031148,-0.922528938106,-1.31028383983,1.24071314539,-0.807508318541,-0.561169411411,-0.0154611696805,0.724447240512,2.52093775229,-0.817839285943,0.753281026207,-0.314137218884,-1.50722715565,1.27782814792,0.511032881784,-1.06976188746,0.659661061223,0
65,0.415159897933,-1.32234723461,0.839569109515,2.34579441099,0.413472046875,0.838588060358,0.198449720072,1.44983824,-0.207497056487,0.955044508633,-1.09239759668,0.546275271566,1.91393653204,0.176765919843,0.175494504136,0.839390788375,0.887620909407,1.44097811134,1.05556635627,-0.0798716276594,0
66,0.00353597383318,0.681254556309,0.645418731826,-1.01592570701,2.27042434397,0.252171623121,-0.00319031053761,0.602085605038,0.953617315121,-0.223829059732,0.621008294048,0.944750842899,0.398497641925,-1.03626666346,-0.448420403285,-0.242594124924,-0.933256300061,-0.105596641338,0.27242114964,0.34515277886,0
67,1.28306704869,-0.3152063415,0.0538763695229,0.685316788613,-0.569860208463,-0.139214160038,0.0224649132917,0.532193967841,0.164963852032,-0.464352898959,-0.647698640526,-2.84862272989,0.522697368597,1.03937435481,1.20068977309,0.026412337353,0.00715266725242,0.288470537189,0.245542089507,-0.182479724461,0
68,0.745453603255,0.399460020237,-1.48094438879,-1.17374039712,-2.12642337445,-0.478068180473,0.663376070883,0.0985526795092,-1.39904521604,2.7102273401,0.839356717305,-1.06758307124,-0.911434652616,-0.0397254395432,-0.271797208319,-0.948716210135,1.50245923905,0.326093270797,0.445823186568,1.47281313778,0
69,-1.89129079697,-0.727960476455,1.59679037526,-2.25197108057,0.594252835182,-0.471615942263,1.26386533619,-1.1867636692,-0.753618040882,-0.266621347993,0.272706537248,1.43629619856,1.56851988126,1.4311091876,0.958581521884,1.57318376631,-1.25196452219,-0.39077772786,1.85298023484,-0.78768165011,0
70,-0.570031878908,-0.0163001216276,1.13971967188,0.590268420009,1.51396740277,1.24267383769,1.62481036216,0.692763411515,-1.84830790839,0.9146155578,0.466493758727,1.52287794382,-0.130623745886,0.632659555004,-0.39577285828,-0.529513843729,0.456060967584,-2.04004281482,1.85562116714,-0.153879897846,0
71,-1.35072433588,0.802933107473,-0.323164973676,1.27459322592,0.134157196786,-0.829686217916,1.83473614644,-0.799828355623,0.900781729845,-0.411654483165,0.0578018793607,-1.57544933555,0.4169906903,0.818628226407,1.30704003202,0.231307255286,0.145273431958,-0.716538006163,-0.934218915849,-0.68956948488,0
72,0.612549191017,-1.4124463535,0.326621988042,0.932960372507,-0.425922218328,1.28220942002,1.63406293619,2.39565423273,-1.6805299826,0.0807702457848,-0.835896038543,-0.282015362197,0.544981870231,1.07844698153,0.796491703633,0.130239034145,1.42348779533,-0.849088017919,1.5653867427,-1.62265471355,0
73,-1.18932268492,0.388691271035,-0.509417190671,1.65620036932,0.508280307595,1.43712437746,1.30850441195,1.29943089078,0.307232553404,-1.36355876713,-0.308089783932,-1.02279632709,0.0899560370344,0.301651878515,0.200884142008,1.26488268077,1.86374972313,1.32952858552,-0.172251394457,0.565116336904,0
74,0.108662974603,-0.127999395859,-0.892806193884,-0.290426137861,-0.176258078428,-1.68417124726,-0.509731167442,-0.42804053522,-1.23850444292,1.1389042941,0.385657637676,-1.101755486,1.370217389,-0.249712996516,-0.358112559962,1.17062169021,0.384509684996,0.669099228796,-2.94819228751,0.135872849011,0
75,-0.157852248355,-1.39079962711,-0.232308450763,-0.0467673163597,1.16500159004,-0.202598650234,0.84833117801,1.20621647312,-2.14823097519,0.221965672928,-0.11134156026,0.509264303807,-1.52605410534,0.470750312648,-0.994730076705,-0.0136211155887,-0.350779258508,0.0610187228133,0.82729504854,-0.246780061406,0
76,-0.028840425871,-0.361764924839,-1.2935358138,3.17021921205,-0.755999814131,-0.0350438402528,0.15443568885,-0.054452722334,0.40803994184,2.1916106942,-0.333102915968,-1.65599576368,-0.930933795271,0.621160883523,-0.457467740528,-0.330482929551,2.25765904127,0.13989205189,-0.227717509851,-0.0406029123931,0
77,1.35147395288,-0.747437134303,0.570199154347,0.408494220224,0.399689633361,1.74738735504,-0.441325074182,-1.19707753888,2.61131480898,-0.872070663752,-1.49541487883,0.510383171033,-0.943989106798,-1.29108216214,-0.0995732973027,-1.73248482504,0.700031775798,-0.252330156739,-0.0797583592461,-0.624037366403,0
78,0.178860194826,-0.0922945939843,0.647971430368,1.4975448117,1.44215032267,-1.92188043455,-0.146664578689,2.34469158413,-2.43516931446,0.569491675112,0.651468030901,0.818145272797,-0.325090177421,1.10567247695,-0.565822707527,-0.787525803063,0.243111199012,0.707787026457,-0.114134190555,-0.0728267978757,0
79,-0.153132628517,-0.670911394862,1.63448365069,-0.213609554608,0.305875170884,1.14786457142,0.0776927980963,1.23600338789,-0.85597816703,1.30219168802,-1.46530209164,-0.657102788813,0.69073419397,0.847159460508,0.362545404587,-0.530460261585,-0.384190072254,-0.409702080123,1.27676341456,-0.598386301994,0
80,-1.77837273429,-1.13553109096,1.21901568504,0.450101850981,0.0922055677632,0.227724888808,-0.170507939707,-0.735954616754,0.676193777151,1.41816031805,1.26316050585,0.114234788347,-1.78845003354,0.127640397789,2.24825890008,-1.16266995176,0.064494103774,0.446192053764,-1.635841376,-0.0134764340445,0
81,1.95836765992,0.168514292373,1.10504838521,0.643100334897,-1.80824477289,1.97234023415,0.594885101383,0.283929794638,-0.255029235942,-0.614617187413,-1.60805922709,0.563027481142,-0.201473887384,2.03585012524,0.579688518912,-1.69228523037,1.43767539091,-0.939730907428,0.941424726958,1.13437812083,0
82,-0.48572576775,1.22095608012,0.189070348656,1.18412240854,0.754161774131,-1.08377882335,0.564729341631,-0.660227302191,-0.035048949823,-0.392286463443,1.4703615878,2.09391644945,-0.475318702647,-0.143604793437,-1.32923660041,-0.776636532414,-0.507473777042,-0.210621749994,-0.114966054695,-0.0383452323528,0
83,-0.87402722501,0.496105529514,-1.6694400666,0.0369829985234,-1.43507957507,-0.329986571913,-0.708053584978,0.0617425987745,0.0325814206398,-1.09475281401,1.45459574912,-0.731760641047,-0.784883776609,-0.416592943119,0.1179244796,2.12839183822,0.295064104979,1.1092492024,-1.88043271459,0.0709517176991,0
84,-1.70320860739,0.0945713664528,0.17446743535,0.48995009372,0.784768975104,2.54109483521,-0.650251548148,-0.284856444639,0.41506848001,0.526437187717,0.609956411726,2.11084868323,-1.89530907333,-0.572226503041,0.572928559169,-0.909728842186,-0.77217316751,-0.540786614582,0.263512293832,-0.466833423681,0
85,-1.17446998771,1.72138386895,0.471042996578,-0.0485080218626,0.663329930237,1.31609963349,-1.97246298742,-0.178709902341,-0.976451126765,-1.67972884363,-0.766619832123,1.1007206244,-0.311832923345,1.26453827726,-0.44903934244,1.45607858454,0.889076499622,0.102660482545,-0.693162320458,-0.805106081183,0
86,1.12336579177,-0.844055274072,-0.489335052742,-0.463547973882,1.00075395456,-1.21605521963,-0.697767917671,1.4948306411,-0.401568924826,-0.04806525922,-0.806644162793,0.428899559772,0.914180293486,-0.0933511620117,0.575696134644,2.18347577702,0.529065115834,-1.99136954078,-1.04767455496,0.194780247127,0
87,0.944575550122,0.203441799489,0.298523979805,0.835743269343,1.05217530194,-0.436857377203,0.876921425539,-0.295275534019,-0.16523317039,0.664395627866,-0.546925603607,1.18073306894,-1.41450900981,0.441255612939,1.05999793337,-0.604521905135,-2.25720304056,0.397186385143,0.193369460249,-1.61361725528,0
88,-0.312170547818,0.836287079628,-0.691642825352,-0.448973662934,-0.655440109493,-0.194509387664,0.0940925834937,-0.863667248118,-0.690688762664,-0.116380249164,-0.509808919045,0.454229785266,1.03207429017,-1.13941041851,-0.38516400137,-0.323741274275,-0.574534280538,-1.05658424388,1.08196179921,0.314737757214,0
89,-1.01463674796,1.32645314344,-0.2560836417,0.959635859603,-1.20788774984,-0.665219521375,-0.684020391573,-0.116106727915,0.613426257643,0.327353265261,0.759220748609,0.817251071329,0.323553430831,0.321960062181,-0.601164929721,-2.60180281361,-1.00067689349,-0.851859015777,-1.04063032438,-2.13418229741,0
90,0.89739582016,-0.224458800046,-0.330692262065,-1.15081710766,1.05671380607,-0.0307496146136,-0.76131467503,-0.367514614376,-0.579836334343,-1.88574454108,-0.627468171799,0.862037812933,0.973650923497,-1.48445330301,0.310495728394,2.10039152133,-1.7206437388,0.430993467636,-1.77051592404,-0.134748353786,0
91,-1.36777668521,-0.617743691714,-0.921304800938,-0.20230234891,1.37947311678,0.476319543825,1.68809175544,0.873801567823,-0.287630259099,-0.916319782823,-0.909339674451,0.426665699534,1.80488119148,0.35840203648,0.391342183886,-0.0979059646699,0.326234246653,0.694921090602,-0.345648972402,1.58950142393,0
92,1.21513437311,1.68401408766,-0.0114605365522,0.713777161208,0.969297631078,-1.3458928901,0.5738243718,0.422582023043,-1.92660497824,-0.732595442803,-1.15932099253,0.214246657292,1.37369879222,-1.31751748423,-1.03629795251,0.133556277568,-0.802503206325,1.33525551778,-1.75638798459,-0.124886589941,0
93,0.358899560496,-0.323795460936,-0.068705251468,-0.243740985302,-2.01132151988,0.159957469865,-2.10781067397,-0.585473326404,1.44029644619,-0.0996538080447,0.756857976612,0.825777433335,-1.54339536682,1.60384149309,0.823975387617,-0.748948787414,-1.76009617541,0.00786110406115,1.16723619333,1.29993887514,0
94,0.970617642294,-2.41727926676,0.902943836723,1.36194098796,1.199379206,0.223989534584,0.32292588061,0.102683054159,-1.16510221617,0.295943804328,-1.00038360643,0.311218274961,-1.26089815252,-1.10250635427,-0.139796102321,0.864943707769,1.08783021965,-0.0648684100453,-1.09972421848,1.63324990835,0
95,-0.385842128964,0.642885324868,-0.706787293205,-0.224341757306,-0.906005363382,-2.26596604257,-0.046875176254,-0.390584995328,0.153411362859,2.687071947,-0.201916271702,0.347663852567,0.340719506588,0.0105208863714,-0.747481225015,-1.12311018781,-0.237966868671,-0.116364542029,-0.896276179075,1.12032672574,0
96,-0.0808826384256,-0.0234122516818,-0.455241344695,-0.256859340307,0.121103628588,0.419386263843,-0.635600916363,0.858851788348,-0.677922857735,-0.568755147205,1.95723701335,0.582811881779,1.05721029863,0.866109615503,0.331436791273,0.532337175143,0.742107299337,-2.26042406736,0.473309319637,0.166071669369,0
97,1.19730081212,0.300516805863,-1.17468501446,0.522618337125,0.312372966751,0.046434845279,0.446229341385,0.801036213032,0.856525627145,1.31301673057,-0.342554296464,0.00888543704423,0.443271258015,0.965601820903,-0.846866137756,-0.397948575438,0.439360330882,1.16867751441,-0.566139585387,-0.166645950791,0
98,0.449234932013,-0.170073094003,-0.307982974112,-0.150483799039,-0.320023871623,-1.40495377033,1.14230401282,0.016567077128,0.0903994907279,-0.00777938717347,-0.618479921254,0.00827709913113,0.394941621017,1.44367135573,-1.15359749815,3.28970091177,-0.0670903287955,-0.220377186525,0.716429270683,0.820613829966,0
99,-0.118506090538,0.204030580512,-0.417483747349,-0.0980731190686,-2.21045901148,-0.195380843959,1.08659908832,-1.31704478799,-0.385892446287,-0.332675916638,0.232962184792,-2.75254982961,0.58043153308,-0.678146670999,0.429961907672,1.86236517965,1.74066530319,-1.61112010381,-0.0674633061024,-0.38386369618,0
100,100.973198063,97.0908620738,99.3900115334,99.459083798,100.105360174,100.769456954,100.730586534,98.2695809576,99.130459279,101.74419041,100.888990304,99.6765475316,101.295159742,98.4532210249,103.557968577,98.8594056859,100.20908553,100.209279372,99.4944220764,100.535422049,1
101,99.4514769112,98.1908739826,99.991079067,99.5160129323,99.8556203633,101.739966872,100.824605556,101.798426078,97.394187607,100.529237154,100.793011135,102.064665033,99.3402425355,100.451498905,99.8704512259,101.765235779,99.3450446074,98.5114826643,100.383466605,100.07921697,1
102,100.055372995,101.3499607,100.664519254,101.270791994,99.9321549619,99.4651588423,99.9507647998,98.5488669546,99.0022056941,101.786564935,100.816612208,99.6062711588,99.8419741414,99.6687444327,101.566707449,98.6840593117,101.230368333,99.7788626891,100.062973859,98.8259767264,1
103,99.0526504747,100.487694618,98.3911783018,101.53824557,100.369749387,101.423193077,101.55521914,100.141918678,100.467671898,101.655846045,99.7889186135,99.8805691579,97.6185060814,97.9047539411,97.4903272796,99.506395195,99.1387891652,99.3320450206,100.154769721,101.777540632,1
104,99.7682760687,99.4469108616,99.7108615249,99.7093891689,99.7201170445,99.0127188974,101.527432914,99.4259852065,98.8620929294,99.6959205012,100.803147619,99.5246107762,100.944709475,98.4053351881,100.29434823,99.5966753102,98.9596700226,98.7503608314,99.4715239467,101.07973012,1
105,99.8763831934,100.586594516,100.949089418,100.568855307,100.937132687,98.6208522099,98.7969860429,101.528229801,101.087936051,101.190459735,99.4522933696,100.273329214,99.0322146771,101.808388065,98.0634188679,100.514571703,99.8311423319,99.2651343845,99.8062015882,98.6860814141,1
106,100.308963591,99.2457462036,101.492439569,99.3692350896,99.5775932518,99.9646518661,98.1932731239,100.524688369,99.681917854,99.4422592254,99.786022558,99.5811877632,101.141533636,99.4981187308,97.9685324779,101.004404863,100.894837913,100.917565697,100.061997843,99.4481628181,1
107,99.7478994663,99.6930666684,99.9084512966,99.4343188516,98.6332722019,100.668748916,99.7101032496,97.8310132717,99.7873772323,99.2081274574,97.9404764801,100.719986271,100.936101195,101.578098361,100.061532826,99.6246688431,99.7717280515,98.1513902897,100.743846545,99.1082507739,1
108,100.138867142,99.7238446331,99.4249670651,99.7300329577,99.5685463674,99.7713068835,100.62168376,99.9312161549,101.753614387,99.8256773381,100.319631296,99.8239033708,102.310147843,99.0359464926,99.7692557371,99.5402387813,99.5519456213,101.059039661,97.7813701937,99.9919483443,1
109,99.8540228539,100.610548357,98.8564633909,101.325428891,100.48937779,99.0221782176,98.9900744719,100.071491923,99.8771103221,99.1806405263,98.425126862,100.755917045,100.514406922,97.9769659659,98.5018388911,100.889383453,101.010475065,101.453000209,98.2726159549,99.8974927885,1
110,99.5653919821,99.2151329587,100.44954798,98.3449198035,101.829847647,99.9595120931,101.796848993,99.2501950138,98.5950172159,98.9703204878,100.295247311,102.423667453,99.9703555604,101.559979388,100.766442589,98.8644407569,99.9502880224,98.5165762806,101.134225608,101.852945422,1
111,99.5356080456,100.431780549,99.9598730273,99.6041471623,99.3465246948,99.8777703463,99.0656337645,98.655844306,99.8241875729,99.5777437931,100.636605799,100.22425202,98.1770316336,100.817103457,99.4524187604,100.791538543,99.6604818312,99.3729373182,99.2096315923,100.37988149,1
112,99.0794730047,99.5710525246,101.024080243,99.1502825711,99.3892340444,101.308909879,98.1178822525,100.077227046,99.6586597367,99.4341007443,99.7740593214,100.105837272,102.031354565,98.6124831233,99.6260433438,101.232596878,98.9841416359,101.002660836,99.7145157074,100.419782926,1
113,99.4363539117,99.8698634354,99.6740583325,100.849341718,100.983849868,100.423127542,99.6196463396,100.416405737,99.4599934888,100.063284341,100.715001212,101.805103485,99.881169364,100.487750737,99.7342595857,100.80033281,100.17196118,99.1701465291,99.3581651322,100.864663308,1
114,98.847559337,99.415973646,100.13067536,100.002853242,101.183788778,100.199738518,100.037270314,99.9874872579,98.9667425541,99.9137938673,100.789523758,99.5982804524,100.040105338,98.7279555177,99.1187132959,101.486362111,100.611196867,101.165988064,99.7486673341,99.3167329097,1
115,100.036392485,101.924695739,101.291309364,100.017709882,99.673195901,98.2118919914,101.247115627,98.4076839211,100.563643592,100.03545915,100.234009862,100.226507075,101.487282433,99.6446648848,100.122304814,101.047349088,101.803163853,100.574955192,98.3706485858,100.999339107,1
116,98.7613320668,98.2488239545,99.7753933352,100.478807261,98.6003188005,101.439951713,99.9620083973,100.230066796,98.3646182966,99.1939452488,99.9998818178,100.517390105,100.813367172,99.8034710111,100.721049713,101.116459299,100.415468393,100.965291418,98.9431884135,102.087743339,1
117,102.269474953,101.584192344,99.8992555774,99.9057984089,100.377451581,100.992778926,99.0722565768,100.26889807,98.525898417,99.3178253689,100.714624623,99.3011633135,100.645881384,100.173736463,100.395004392,99.6147541032,99.9984679217,99.480827313,100.48442001,101.769496316,1
118,100.367094308,101.179770598,100.349456103,100.882021601,99.3372465399,99.881514106,101.115114615,101.188329544,98.8705638418,102.587033709,100.013436998,99.6291521382,100.059930516,99.17819315,99.391097149,100.514144741,96.4991210871,99.5162766358,99.968735178,101.911640708,1
119,101.183518853,98.5233531834,100.553590856,100.141351518,100.223513292,99.5489764557,100.069714176,99.9912174692,100.097855916,99.3490268869,98.8520853421,100.54742179,99.8391413954,101.449463704,100.284176803,99.7100439589,99.3804215081,99.9418877054,100.48103248,100.306067621,1
120,101.668342809,99.8807411933,99.8355061103,100.186169898,100.549411332,100.40938417,99.3750821224,99.6878731417,98.7093350014,100.994280754,98.6243317477,101.237832877,98.8969336519,100.782617633,99.7540707324,100.476027587,100.610994376,99.2607947281,100.42804012,99.2524673247,1
121,99.6319967527,99.4014420125,98.6422018823,99.1771250392,99.4798946743,99.6301538963,99.0571865139,99.5137573388,101.083153791,101.010216554,100.057143327,100.19854951,99.2285240522,100.453523963,98.4982668024,102.025474074,100.180255415,100.500759077,99.3228960753,99.9350228014,1
122,99.5803506805,97.8684270246,101.854967577,100.762032268,99.4944865774,99.1038329634,100.689484839,100.129718472,100.284250046,100.212830334,100.231748696,98.4593930788,101.147094487,99.8084357657,99.9977933893,101.531603194,98.9126895256,99.7899128101,98.7433242549,100.965870376,1
123,101.977526068,100.459889817,99.5877713815,101.488689169,102.241773916,101.074060401,98.951655739,99.2711348167,99.6493438389,99.7821098608,99.1116262573,101.087051925,100.264744769,101.72996635,97.3494492804,99.9851074224,99.5753463419,100.198410176,99.6080570875,99.7862299568,1
124,101.122009456,102.687712833,100.439421976,100.930832593,99.4228027994,100.24515927,100.657236844,98.6195034783,100.930707284,99.2235543769,98.4331854981,102.181268499,98.6478080601,98.6353976342,99.0124776175,100.139276205,100.019793979,101.221446233,101.964403284,98.8866624631,1
125,98.3286434655,100.041531688,100.680388649,100.644270135,99.2434906399,100.176446462,100.432416312,99.3001916171,99.8454598907,101.022136541,99.0190802741,99.5261017374,101.770922705,99.3957671491,101.956295453,98.2004139518,99.5894265155,99.9768660864,101.395316448,99.0185872651,1
126,100.13488918,98.7078048093,99.7815349691,99.0511571394,100.285069072,98.1540812707,100.429602894,99.2844150867,98.6867046326,100.903502425,99.5677273855,98.6020488504,99.7997432102,100.137995149,99.5654241384,99.08714924,100.321882586,99.6608780076,100.540846109,98.872078481,1
127,98.3634430433,100.370773178,99.01610565,101.28867718,101.215582742,99.9372327932,101.206067889,100.149139761,98.1723365468,100.2083194,99.1853885974,98.4991339663,100.258663856,99.8382863028,99.8678224268,100.825550858,100.808985014,101.101754214,99.357866716,101.198481254,1
128,100.762661317,99.4254392646,99.1898455694,100.470935369,98.8242282662,100.454775614,100.539523942,97.006017644,101.967365959,102.296277552,100.170176534,101.414736984,100.069366512,101.038691204,98.3045503084,98.9975035527,100.058721061,99.1462547818,101.663132555,100.09222875,1
129,100.315211546,99.2459194237,99.9280876209,101.185832175,101.290370995,98.4653766125,100.001010061,98.1466469476,100.980169883,100.403373345,100.959634806,100.004038231,100.60524205,100.787644243,97.7070611579,99.3688207688,100.402569132,100.383824105,100.126009255,99.7145179369,1
130,97.6907951552,101.863250606,100.454575672,99.1811014766,99.2833146035,100.185663856,96.2376405367,99.2600116006,99.2209009386,100.107382658,99.129082815,102.376393175,99.1008232681,99.1737136694,100.855143185,101.030560197,100.21928657,100.202530373,100.630955525,100.112564761,1
131,99.4522105878,99.8559889732,101.659145215,100.670892188,100.259076278,100.768570587,99.9126920294,97.9771678467,99.5234091547,100.826267434,99.6097616085,101.552220591,99.2508930524,100.86835978,101.102370081,100.151583702,100.505721655,99.6487188006,98.3069900053,99.2838649233,1
132,99.8360825129,100.456349921,99.9883914786,100.250546632,100.424289827,99.6719545212,100.421393256,99.8349549363,99.9115989179,102.003681255,100.093201162,99.2620938055,100.558135599,100.676376046,99.6762300214,100.153816632,98.8945001269,100.219001619,97.462581671,100.439947844,1
133,101.278346034,98.8555531936,101.150162985,97.81307902,99.4860518863,98.4224192967,98.0981195206,100.207344767,100.368183266,99.8274345726,99.1993726232,98.3594989768,100.234984909,100.875801266,99.1897851333,100.656732935,101.2464998,97.5120082737,100.330058659,100.573777412,1
134,101.609932663,99.83193835,100.237648346,98.1719009708,99.7771647719,99.6112134377,101.302983752,99.7954917022,97.9109229689,101.748196155,99.1105815662,99.3756255077,100.868414653,100.477057525,100.999043212,100.176521421,101.275708135,98.0613531111,101.335977692,100.919087599,1
135,99.8138157867,98.6835126537,100.921207355,100.343495916,99.887394104,99.2232385037,100.281948619,100.611863359,98.9843578477,100.785030587,99.6998609175,101.40217031,98.3311475016,101.244548255,99.6482878582,101.707029503,98.852618052,99.0846806422,99.4451721746,99.8018207746,1
136,101.36241245,98.6775373945,100.25972364,100.607105537,100.993279063,99.4728957359,100.677194928,100.019668415,100.857686655,98.0245355547,98.6879636601,100.030087235,99.9572258011,99.9363415799,100.825018514,99.6686391623,100.618079745,100.092005645,99.318721348,99.8419825057,1
137,100.244824271,101.541433528,101.205022423,98.9174020313,99.0749627387,100.432414551,99.8339743013,98.8869777872,101.363435695,99.3401322752,100.093247781,99.7459157901,99.6769622035,96.9381969053,98.8524526407,98.7623238159,102.415885697,100.957165712,100.904609104,100.044705928,1
138,99.3321773551,97.877620347,100.66196053,98.5241939146,100.025122203,101.655562474,99.6364712397,101.309929985,100.375008657,97.6623142687,98.4165186316,99.005119925,100.691039279,99.0138497912,99.9140069131,100.220627542,100.208810819,98.9026350898,100.457981759,103.642125671,1
139,101.285256162,101.193443966,100.949521051,99.9995279807,100.347859233,100.431776456,99.4602935168,100.241900742,100.684052319,100.513829669,100.83081831,100.834849245,100.879163985,100.685475707,100.427328942,98.9183263436,101.924615072,98.6564055944,99.0587446133,99.6897213581,1
140,101.088461082,98.8048181532,102.05754014,99.237202084,100.042141556,100.026201302,99.8068744645,101.17299672,99.1933862115,100.042514489,98.2877931351,101.122483635,98.3372889089,102.747099923,101.219748199,100.065171361,100.608581057,101.294839778,101.178079068,100.345219309,1
141,101.339469937,98.8221288369,101.143250255,101.281514546,98.9248161718,100.781191297,98.7662666397,99.5568032064,100.842304268,101.946521355,99.0896996834,99.5622434693,99.8411023924,100.579588234,98.3708612729,100.574475155,100.877150499,100.169679316,100.568829538,101.901578647,1
142,99.3542952933,100.360308093,101.221049973,98.8286272232,101.263718848,100.143185373,102.239995641,100.367491949,99.6940321871,101.200359795,99.3604068261,100.456402574,100.442490804,99.9141419276,101.400541035,101.010086117,99.705647115,100.685633287,100.424342726,100.249338816,1
143,99.4255480265,99.3511904458,98.0142060528,99.8302828711,98.6341424731,100.892699884,99.7738836778,98.7189660737,100.196565284,100.574182312,99.2088909991,99.7644069025,99.9716024791,97.7419949073,100.455079777,100.581278322,98.8750779721,100.756843018,99.2714741646,101.472082001,1
144,100.371557669,99.8913870279,102.559402582,99.8128566514,99.7140177321,100.811991984,99.1345251045,101.232420605,99.1441506941,101.474539187,100.674731512,99.3553838113,102.085944329,100.64005643,99.5400167937,100.128437843,97.7862436145,100.869478806,99.5657894979,99.3976805131,1
145,99.6861881179,99.9777993382,98.6095935067,99.2235525975,99.4118253814,100.789003435,100.075762377,99.6189857248,99.9226598815,100.845272955,99.4885720496,100.260020042,99.2152086805,100.70041818,99.3462186196,99.8074337863,100.108172273,99.148742764,100.600978528,100.10947871,1
146,98.7456267149,99.0388049943,99.1285816596,97.6966931287,100.92061883,100.153252308,99.1551084606,100.681015827,100.425155678,100.16687148,98.9767754664,99.5016085428,98.686877244,99.6886213104,100.860362054,98.5829594397,99.7738162809,99.8566993943,100.334548546,99.195161788,1
147,99.4396106373,99.6363741313,99.9121195048,97.9852101002,99.1360607269,99.0252887909,99.5531791862,98.8993289625,99.1621801546,100.382036138,99.1144211858,100.134941063,100.711703941,99.7129263018,99.7170557698,102.31538795,102.290115792,98.6469892609,101.131205948,100.419138056,1
148,100.280310589,99.3834425724,100.243514599,100.887781419,99.4408906138,97.9476223262,99.2788457916,99.9111208354,98.6064730577,99.3055033716,100.528613237,99.506069731,100.438076287,100.497959001,101.270246074,101.58241379,100.367333144,100.159894489,102.080562129,98.6139477075,1
149,99.8177450209,99.6832472315,100.523089016,99.9189390697,100.354701942,98.6557887265,100.474979927,99.419675852,101.477936912,99.6080906265,99.3260779563,99.7488938061,100.010522814,100.661830013,100.808879232,99.6420049501,98.6739194678,100.381772371,102.595049396,100.079752141,1
150,100.759809516,100.041494381,100.13924092,100.404154169,99.4521638811,100.232560578,100.377550057,99.3733392357,100.070668984,99.1036705233,99.754260689,100.520806883,100.347313231,99.5102638967,100.393506254,100.274971309,99.9958038447,100.22423163,98.9862614104,99.4379128449,1
151,100.046264463,100.851384107,99.9860878366,99.2837907315,99.1374569087,100.49587498,99.527369323,100.611456686,99.2550206173,100.15648998,99.3908055767,98.3498585763,99.7189339086,101.816036307,101.386532717,100.353429447,100.126560444,100.326691392,101.089093616,100.587458359,1
152,97.9917313901,100.358582088,100.308760473,97.4176345821,99.0598545809,99.7272414538,100.372398435,100.376977347,99.5541973554,99.4338725303,101.377924498,99.5636484994,100.068375096,100.216666548,101.488830818,100.19737331,101.481120131,98.5356723051,100.521267281,100.984225386,1
153,99.0862862783,101.813957678,98.9120486216,101.551922263,100.296744883,101.039178007,100.247204687,99.8956445036,99.4536757541,99.7636709342,99.2080671735,99.6311899663,100.523910809,98.723104825,100.969876072,98.9722107472,98.8311320367,99.437937371,99.2045719492,99.66123847,1
154,101.927548292,99.7658031383,100.508992728,101.918175269,99.9363217616,98.3936181892,100.748535921,100.538425267,99.2787165254,101.427350731,101.120105384,97.7404540924,97.4547300129,100.31267171,98.829029864,98.9248526776,99.569554334,100.983297292,99.9444140062,99.2272105779,1
155,100.408404729,100.075081534,100.053213063,99.7109771205,100.557481685,99.632166834,101.490456388,99.567959738,100.01036876,99.5955673282,98.1489246977,99.8847566787,101.50593368,98.88969284,98.9262528196,101.373936535,99.5082229184,98.1403841948,99.6366093162,99.0457952258,1
156,99.8923286461,99.4220875372,99.7485986839,99.5413927552,99.8065163386,99.9454178801,100.978271026,99.9759655246,102.512025274,100.483555117,98.6472605725,101.588041491,99.6591534933,99.7531854601,99.8950642139,99.3424916229,99.7674348147,101.880820143,98.7177752938,99.8893825497,1
157,99.436636637,101.246510884,98.9318789442,101.407920699,100.411261916,100.992992887,99.2710648748,99.2671626784,100.41840974,98.0177277838,100.919450044,98.4682007905,99.8205410514,100.822801225,100.736098674,101.577744779,100.064118147,100.109734682,100.861021511,100.899287608,1
158,100.762985137,100.408313915,99.7464322122,99.4973133129,99.6614962806,99.2359242701,100.758428949,99.5856032095,100.201536584,98.4824412864,98.6131233473,99.2749110271,100.420447251,99.8937496274,99.4512849241,100.978574747,99.8308018234,101.153000155,99.504378737,98.4626145537,1
159,100.261592587,100.477177609,100.727887788,99.8687499798,99.6748219886,101.17632827,97.3950715219,101.281393466,99.7704978411,101.022694144,101.430365817,98.0049687912,100.528523392,101.796943351,99.7560864406,100.191406061,100.403175852,100.045672148,101.328403194,98.6288258333,1
160,97.5917807544,98.9127218497,100.648612769,98.337513198,100.077014918,100.267582219,99.5199424213,98.7142118402,100.16262101,99.981112458,98.8523600191,101.716596695,100.767533734,100.582022066,99.4129306102,100.655483423,99.9843163077,99.6116339275,100.986566083,100.007450416,1
161,99.3744694209,99.4344122108,100.102246571,100.478371471,100.638520156,99.6086528052,98.3152106628,100.624543644,100.223832744,100.971364712,101.106251046,101.322090161,101.415102693,99.7953794875,100.241142749,101.065979191,101.356376449,102.539366588,98.8536319985,100.816686327,1
162,101.419743206,101.14190062,98.9571465899,100.138039361,100.645249452,98.8096640993,101.796549371,101.046384239,99.5526526842,100.514780427,98.9590115162,99.9627384267,102.273855218,101.125795394,100.408929037,100.684544902,99.532996676,99.4826696935,99.0031063469,99.6660976258,1
163,97.8030865031,100.256462816,99.5228454602,98.1716150566,98.1205733372,98.2062814047,98.9832806666,99.1129467961,99.834173387,98.7503429982,102.529760981,101.039867784,98.1881034389,100.198703068,100.979958165,100.308474858,100.206582291,99.4900731875,100.449317257,100.693971823,1
164,102.926575179,99.8479856011,101.094424239,100.022174599,101.027151491,100.665639565,99.5804428417,99.360363959,97.7505681675,101.480009372,102.441227281,101.136537875,99.7449867172,100.555692318,100.113045987,99.7741389274,98.7330225063,99.6804035135,98.0711096565,99.5921336577,1
165,99.9858534388,101.329710237,102.757252905,99.048014177,99.1118787647,99.3555808041,99.8202169826,101.498849679,101.910884075,99.9019753399,100.013626847,99.634816874,100.97101435,101.433488139,100.704057935,100.788008255,98.8064620611,99.2020703737,100.404646277,98.5493806785,1
166,98.9123548164,98.0040920757,98.3925591509,99.3611059808,100.277419638,99.1461988718,98.6309173467,101.369794143,99.8805536726,98.5905638132,98.9649594685,99.6155227695,101.041235739,100.781554107,100.727610171,100.812052756,99.2558476252,98.6095909382,99.7044141364,100.497137112,1
167,100.100017102,100.719037106,101.313194322,98.6768801809,101.060684829,99.5160777116,99.6872746102,99.3546885045,98.9404882306,98.6495436815,100.701342484,100.879115221,98.975480337,99.333091598,98.4538333078,99.7892640669,98.8724102387,99.550000871,100.642876787,99.0376426793,1
168,100.622927887,98.2889745578,99.9062873572,99.7971424196,100.11515539,99.580228702,99.3762043839,99.6804921528,100.085552345,100.10768161,99.211574059,99.3319503085,99.3852125521,99.392839971,100.231138982,99.7314863101,100.646305303,101.524044195,99.3873108783,100.452189784,1
169,99.4945572687,100.420427394,97.7449336279,98.764329319,99.0642947292,99.488821989,100.359112832,99.922814842,99.6578252769,99.449475992,100.280508578,100.140515478,100.230021744,99.5842565262,101.692783333,98.4059083453,99.8656854877,99.2373702257,101.313731016,99.7880147563,1
170,101.228339472,100.807116635,101.086890457,100.729736632,100.743130643,98.8422322091,98.5725147979,99.4585032419,99.9861399156,100.277819615,99.6020765819,98.8672956777,100.337082703,101.125980645,99.4672310461,101.39424231,101.627811428,100.039105664,100.06787813,100.383942619,1
171,100.106926056,101.745653453,101.648897847,100.746844351,99.9448895597,101.391565826,99.5056745635,98.8483827956,100.3820287,99.3510678171,101.228631548,98.6899647446,101.241640968,101.033958003,99.2244466607,102.048812589,100.260720179,99.5176013261,100.43392414,100.507811271,1
172,100.173211728,99.0268263953,100.631173199,101.018312366,100.340210857,99.8724912088,100.273548569,99.4838339637,100.195326262,99.5673308731,99.1413360358,99.3790364287,100.285537009,100.714629758,100.830233002,102.155233686,100.164933552,98.0202292459,99.9257173676,97.621284435,1
173,100.088567555,100.791405987,99.7781848333,99.3374622848,99.2687473799,100.480421681,99.7939507026,100.626822675,99.6410605469,100.920034653,99.8986634063,100.360051051,100.940666715,100.98684822,98.3486074809,101.112058057,100.307876514,100.707848605,101.215829835,101.053479782,1
174,100.220227487,98.9971511454,100.208886252,100.040040734,99.8290814735,100.52124243,100.628926632,99.1194648389,100.219489589,97.9095636259,99.6352305647,100.366587821,98.5160512867,99.325032593,99.0772803836,100.185236814,98.5495486217,99.8138000696,99.8566608844,99.3328106884,1
175,99.684645603,100.674894828,100.514131763,99.252204294,100.029889206,99.1337435359,99.5113808619,100.563994019,98.6678061934,100.242262164,99.4026352433,101.462577663,100.296749676,99.0318019612,100.067608331,100.989117904,101.150309476,99.8596919478,100.135156603,100.863071156,1
176,99.8328982039,99.683409441,101.233100192,98.8447437021,98.7301583785,101.87396291,99.5686959271,99.7231440488,99.6057609204,99.3153930128,99.7988383101,101.301410316,101.018504883,100.962309349,101.340238585,99.9454863142,100.854053064,100.451976728,99.3066332544,99.8323831564,1
177,99.051454009,99.0367120036,100.536007676,100.869056724,101.525346442,101.0260035,99.0760155405,100.711855421,99.1892968519,100.837822311,100.640109242,100.852723927,100.887233614,100.317900429,101.350449733,99.8267213983,98.5029630666,98.8481623197,100.194233083,99.526847934,1
178,99.9528168796,99.6865178791,100.221604279,98.7773439602,99.9686577393,99.9099757752,102.487383152,99.6015550208,100.358987835,100.924913655,97.7782797286,98.9628837506,100.141460463,99.4311926186,99.8511404055,101.065562601,99.504906053,100.85763579,99.6955171732,102.588091114,1
179,98.3061498916,101.063166629,100.640673549,99.6441427402,102.072146984,98.6392482281,99.2798833175,97.473137659,101.320447185,99.5630385228,99.8285717976,101.787319178,100.889293063,100.028239059,99.8898344434,101.320567529,98.858143673,99.1739532573,100.875954345,101.04000533,1
180,99.9480325741,100.049468079,98.8646764183,101.376562719,99.1639472565,100.639495519,98.1057432559,101.197653099,101.481155308,100.062752867,98.6922214063,99.9576654014,100.032068441,98.1724212605,100.553012404,100.154898244,100.573032624,100.473156692,97.7848453298,99.2785526565,1
181,100.45986045,98.2263070609,100.222532603,100.452832145,101.319996977,100.429211524,101.181970739,98.6719177255,100.82084681,99.2318313555,100.364796891,98.9658000103,100.038582477,100.436522158,99.2308664283,100.527369736,99.181024213,99.3115680084,99.2643243419,99.0792198027,1
182,100.737490363,100.028691776,99.3746695435,101.720547249,99.5430777141,100.178766673,101.242707537,101.72703999,100.286276874,98.7018595441,99.3291298416,99.9192098636,99.9893345136,100.094787197,99.538150039,100.859590448,100.667365076,98.7299066191,101.362134236,102.24040009,1
183,101.630079921,99.8251334195,101.311892106,99.9688419591,98.8374106177,100.52844885,101.904314218,100.412579347,100.692089837,100.311099572,98.0307468609,101.688700475,101.523903734,99.2446867313,99.743965147,98.5373080254,99.8692886167,101.554427325,100.28897206,101.679360402,1
184,100.625640951,99.615431539,99.3229719865,100.118854451,102.28151951,101.646890569,99.7830682927,100.743142434,99.8727755937,98.9417712263,100.052736688,100.686649323,100.570117912,100.598412391,100.586156282,100.451594919,101.765402826,98.5878344215,99.8786990848,100.127058394,1
185,100.186306527,99.4301000131,99.1944021698,99.8279985947,99.3027302355,100.127528092,100.011774949,100.04082049,98.5612606454,100.382980755,99.6663843623,100.242127616,99.8365859704,101.559333168,99.4874046653,97.5618834191,99.0785608248,101.309809307,101.03083338,101.764697344,1
186,98.0586351629,101.939228624,99.5013865359,100.516931804,99.1612321194,100.669249502,99.691086386,100.290970424,100.259660307,99.8510323363,100.951284067,99.3487792548,100.381586429,99.6863924593,100.724055247,97.1428983061,101.532032019,99.1864675157,100.656827535,98.9113456675,1
187,100.12043204,100.451246083,99.3727276834,100.543540041,100.513171948,98.8492520002,100.523316181,101.261522569,101.947665306,101.415874781,99.6023044451,99.5631334714,100.446487938,99.5287175457,99.6125595867,100.537978487,100.872869799,99.4541093092,99.4464749231,98.6600456865,1
188,100.453375858,100.957844922,100.263002448,99.840947366,98.4473193801,99.0259095861,100.382728984,101.347980699,101.79681345,100.204698341,99.0862481079,100.469544022,101.859517551,97.7623204195,98.885794182,100.175992905,101.26609076,99.4198415146,100.386452619,99.4680081534,1
189,99.5705351362,99.2493326645,99.5047473244,99.1750470324,100.253758005,100.175238861,100.525213861,99.3789267706,99.6027385045,100.435660566,101.536430794,99.5564657469,99.9477062717,99.17027874,99.7434445024,100.620843459,102.258055457,100.166517266,99.3621711419,99.6623442204,1
190,100.211258674,99.9759528211,100.291772046,98.263582211,100.064464153,100.279471314,99.9270783493,99.079287769,98.4903478382,99.1919000072,98.994463576,100.016605163,100.809911722,100.612289289,101.46858779,99.3736695038,99.8623563083,99.1784764924,100.596825911,100.059508056,1
191,98.6990279901,100.22230843,102.220561039,99.810799086,99.4176809302,100.179862451,100.395766972,99.6615620957,99.9242760243,99.9638179951,100.569696364,98.3478736737,100.723394452,101.257417201,99.6171306944,100.363217469,97.8433713351,101.80289335,101.52451871,100.335131541,1
192,101.246191673,99.5033295915,100.916975171,99.9261994685,102.239871832,99.363614039,101.590709275,100.231481186,99.111952845,100.164028499,98.0892730497,98.8569118025,99.4047874077,100.200731626,100.912823066,101.57887183,99.3897359082,99.4226518019,101.286507093,100.560174768,1
193,99.1727339787,100.141741454,98.6990356889,99.2788159382,99.6472387941,98.8835052056,100.258200986,98.7856706503,100.615021295,99.5769033081,102.245988086,100.555357716,100.324028505,101.677995003,99.0757371225,99.2834554051,100.148445655,100.133701029,98.7305147825,100.004340754,1
194,99.9901073072,99.8910770177,98.1485800438,100.863934319,98.8315002732,98.7801553759,101.636379106,99.5765155602,99.3266899652,100.916212812,99.4724443819,99.6451687605,99.8847849565,100.216889112,99.4018657562,99.4156872334,98.8662265906,100.556941064,99.3940136116,99.6912625776,1
195,100.758620288,99.4802303953,98.5490959448,102.303913433,99.7384053216,102.037280463,98.6620340224,100.544394769,99.0140534172,99.53151685,99.9925542768,99.4368768338,99.513052606,99.6256264024,98.9251513281,101.728021776,100.466891127,100.630880555,99.172823161,100.164137543,1
196,99.9399436119,99.6491222071,99.1337183385,99.4922508415,99.4552768281,99.5481490621,99.6106926705,99.2976870522,100.403090806,99.386556461,99.5344461436,100.549389781,100.951832791,98.5943295766,100.23613344,100.209394046,99.0654747798,99.5621424605,100.176180815,99.7693927402,1
197,98.6295263962,100.704676496,100.230707705,101.263169198,99.6404540669,99.8859086566,101.186410251,100.195182566,99.7760482101,100.116717537,100.618450585,99.9948620474,98.5609401351,100.074369766,99.7925190479,100.086680154,99.7786568065,100.441601769,99.1001083895,98.8217319136,1
198,100.83059633,100.829724262,99.1630178085,100.637870859,99.9840190662,98.9247768194,100.176019358,101.25905359,101.630056883,100.374242611,99.8169640034,97.6273633703,100.602887279,101.030721772,99.1293697178,98.3311548127,101.033167859,100.810069853,101.218792946,98.5183206751,1
199,98.2721405783,100.157820242,101.036015409,101.226827544,99.5552737254,99.8194198318,97.8685194719,100.908227289,100.246214101,99.2623971996,99.4413878879,102.947101348,101.50182014,100.482305699,98.5488837614,99.4916266957,100.083282855,100.1130367,99.3078442286,102.090048314,1
200,201.682411584,201.587241127,200.736185296,201.710005328,199.640171059,198.992384802,200.060225323,199.967760415,199.435034442,201.089363263,200.142536793,200.732555101,198.69598675,199.450314208,200.226147603,199.792780545,201.201091724,201.145780554,198.371919341,200.983282236,2
201,201.117551332,200.813131526,200.342971099,201.509626091,199.419280406,200.883960585,199.482455144,201.04067583,199.298274068,200.071699197,199.725526958,200.303712977,200.531884593,198.856188832,200.997724719,200.130702118,200.252098249,199.978948264,200.159111445,201.081288181,2
202,200.808231391,198.73422301,199.624178511,200.801687069,201.033149251,200.392690079,200.216170209,201.444479574,199.158950494,200.503429982,199.340913249,200.217732414,200.099963514,199.134680106,200.032028508,199.814038133,199.878863403,199.464047929,200.941005329,199.775165726,2
203,198.374381012,199.249589955,199.712594628,200.009268458,200.46687189,201.068326358,200.801636273,200.30830926,199.034022783,200.193830439,199.032229956,200.985167153,199.95909852,200.163694855,201.03973325,200.640724419,199.875928658,200.429060907,201.480259302,200.807236347,2
204,200.189793499,200.190536386,199.268290069,199.764612778,199.443428788,200.156115623,198.969673708,201.215560636,200.552162841,199.851283526,200.776127203,199.649982008,200.612254561,200.652863222,198.31815077,200.76166783,201.05888428,199.091572426,200.439287702,200.687445862,2
205,200.022020206,200.209460883,199.729871697,198.2219127,199.854497948,201.625829152,199.258872059,200.357365763,199.017413854,200.338529494,199.539908926,201.326410522,199.973518971,200.32078492,200.218622063,200.788048469,200.771559961,198.944525319,199.073468995,200.610427163,2
206,200.363487068,200.385798501,200.446492307,200.789931424,197.85715931,200.899335502,199.963257369,199.536013818,200.27038259,198.852759482,200.087726982,200.42415161,200.722878821,200.748353581,200.150724682,200.033768375,199.359378413,200.13124316,200.882288476,198.104749055,2
207,199.628028769,201.336664742,200.073544582,201.189273656,199.749050157,199.738472807,200.172445912,200.274060377,200.656357748,198.895398463,200.133016811,199.499824587,200.200054471,199.55544831,200.962101581,199.319912581,200.398653469,200.236821757,201.083254548,199.721172989,2
208,200.04711676,200.937447237,199.693160331,199.348357664,200.954403917,198.99677756,198.953824871,198.658163053,199.137592521,199.901773798,200.03609616,200.013578249,199.543378902,198.843947537,198.321356597,198.688307339,199.937038003,199.086601385,199.738558806,200.496710327,2
209,199.773700506,200.124689068,199.770833028,200.459402921,200.775489693,199.427697595,198.475749896,200.25684552,200.303073012,201.189803668,198.48325172,199.725266884,200.567288259,199.432170942,200.337110859,202.732457162,200.803751824,200.931696708,200.545689068,200.320937269,2
210,200.529700296,200.582289698,199.173012851,199.885023134,199.898926968,199.342411626,201.875261421,198.662335025,200.57155307,199.498258261,198.411469458,200.590105073,199.396183362,199.710441236,199.878073752,199.298052266,200.646118135,201.030501902,198.917707281,200.196718506,2
211,201.523409607,198.552983962,198.404492956,200.114281498,199.672391443,198.928496811,199.786265868,199.4666038,199.036775978,200.610011101,201.230615553,198.674419992,199.300908531,201.91471184,199.182577234,199.470589919,197.867557943,199.994215462,200.728276892,200.000149176,2
212,199.884205567,199.336340848,200.85473212,200.196379148,199.071762539,199.114832311,198.230331979,199.688564335,201.309860647,200.425626901,199.843166573,199.121208741,200.613647666,200.022866611,200.112053863,201.028234854,199.58110397,199.912478614,200.751483819,199.012204825,2
213,200.670572043,199.890316522,199.623174413,198.461659424,200.799303511,198.784401633,199.113460268,200.854371197,199.033974134,200.024302846,201.169133681,199.950984672,198.391435099,199.651740696,198.236779016,199.176637895,198.858166333,200.101441807,199.247562563,199.712426245,2
214,199.17519238,200.257368099,200.288632592,198.434666602,199.713914832,202.021476976,200.447156315,200.735500037,200.148921636,200.965332049,202.58476318,198.018159246,198.83137405,198.185483387,199.436621876,199.585327396,200.047970971,199.034507561,200.283975565,199.658071802,2
215,201.157231306,200.638539198,199.864926672,199.900572205,199.695718399,200.253755762,200.767047257,198.364571637,199.734273458,201.790357719,200.049882642,197.975193815,201.035845661,200.349767725,200.683459826,201.64416691,199.86959342,199.101193098,199.085489409,198.352198183,2
216,201.368608742,199.535850504,199.635938121,198.897235471,200.489195169,199.923668083,200.572585842,201.050540485,198.845880157,200.61389091,197.986501738,198.992186519,200.067232604,199.273477452,200.163985498,200.073662831,199.480588979,201.134618054,199.659587412,201.169109228,2
217,201.792973949,202.080459693,201.078476992,199.363521784,200.150892478,199.2342344,198.020015724,200.30925753,199.401782521,200.244108208,199.043401666,201.775202945,200.28534662,199.748312001,200.965201758,200.555046237,200.933249381,198.926054915,199.919213396,198.532866123,2
218,201.004888215,199.725520649,200.89685228,199.013620369,201.969084342,200.820073524,200.555225408,199.324626749,199.603679987,199.997840952,202.227848019,201.325565434,201.39226393,198.48432054,201.024576387,200.710580222,200.494272862,199.762928421,198.631963415,199.607152849,2
219,200.414751576,200.109462123,200.212223129,198.170169759,200.961457686,202.104291348,199.925640044,199.019970889,198.51508399,200.937095985,199.214058592,200.354440275,199.954055168,199.148581236,198.868436954,198.807679633,200.765522067,200.544377662,200.960382356,199.777423963,2
220,199.328686527,200.345155966,199.088041105,199.210828752,201.543795787,199.873163471,198.898022845,201.601995002,200.047528221,200.798872373,201.043102246,200.06999523,200.266515205,199.172825702,201.272493784,199.06962453,199.415932353,200.391133069,199.100230311,200.279149369,2
221,200.920694164,199.88330796,200.832928612,200.950960387,201.945208741,199.064314818,199.362223079,200.513401469,199.96685932,199.652619588,202.480171632,199.754536423,199.913773208,200.845308594,200.024318292,201.416657915,198.56361388,200.940865918,199.409929186,199.445241032,2
222,200.734782056,198.676832668,199.606124435,199.614917419,200.564489839,200.379090341,199.493662751,201.066316703,200.246006716,200.760971135,198.454552924,200.87636959,200.471210719,201.29423695,199.376269509,199.355299207,199.36152813,201.102548874,199.440802887,199.496378896,2
223,199.848834488,200.426756937,198.389161894,200.988763499,199.976337642,200.574019173,199.729953244,200.197204804,199.418701789,199.407526119,198.963342844,198.952596789,199.135885058,199.439854443,199.964390157,200.915143048,199.057712297,199.849187413,200.241495335,199.207865487,2
224,199.807634155,198.670550895,199.392520439,197.588882505,199.132904117,202.459380802,199.361013976,201.35783895,198.743363362,201.323436115,199.625329997,200.590285646,198.624504066,199.659746438,201.242829188,200.259181009,197.661255613,198.853607836,199.555683223,201.233944379,2
225,199.21702147,200.150718005,200.468876576,199.698136295,201.060779405,199.74734665,202.49110519,199.782346554,198.291538016,197.843944029,199.587514468,199.784914991,200.125549474,199.798776143,201.521833987,199.023513314,200.016519446,201.447354535,201.510070592,200.730006441,2
226,200.401869227,200.439296973,199.70408692,201.465241429,202.809151758,200.249203373,199.815895161,201.642970109,201.498893487,200.260788679,200.2139011,200.619665561,200.658545088,201.177204892,199.894895664,199.498663754,199.959857564,198.403654855,199.487288302,200.917168942,2
227,200.516266413,199.409939083,200.238916616,201.442501361,198.909181697,199.965125239,199.528106287,199.000507367,200.084994453,200.433105682,199.976225129,200.154951304,200.365358165,200.918094579,200.370328195,200.301577416,200.416167264,200.703000958,199.087999669,196.80473469,2
228,199.18894177,200.345883328,200.062171431,199.711610931,201.022229688,200.301525105,199.61319716,199.190861305,198.970853903,199.397997779,199.868877187,199.771800129,200.686764952,199.729347353,199.63418808,202.006592631,200.496394496,198.653759112,199.735736697,201.063140169,2
229,199.038801447,199.040736436,198.579877682,199.928828274,201.252673791,201.255399001,201.213240552,199.677358107,197.775415055,199.473049146,199.367462713,198.676976522,199.539437902,199.769421573,200.292313433,200.030794383,198.728416202,200.79243573,199.424485927,199.257415263,2
230,201.257771801,200.639873094,199.455888123,201.429731646,201.406513368,200.011196286,200.012204306,199.584541937,200.432866109,199.851861259,200.067646317,200.292865055,200.54186444,198.370627025,199.421643505,198.088925808,199.70357673,199.735105574,199.427666119,201.422155208,2
231,198.959568251,198.170081154,201.159753391,198.318497338,198.902973147,199.905192736,201.298056094,201.068749957,199.755970903,200.604888715,199.750725958,200.265440745,199.188063234,200.095251629,198.70832112,200.43590777,199.771408356,200.504783754,200.466225554,198.770050284,2
232,199.478935672,199.275662213,198.477831325,201.605854381,197.995714286,199.464731928,200.188800437,200.492043995,198.555756821,199.44561224,199.696275991,199.665839663,200.457354108,200.537878686,199.986524925,199.470543996,200.028395674,200.886010967,200.502859437,199.741910762,2
233,199.267147075,203.06130179,199.994017208,200.79710343,200.2866258,200.121554336,199.702280974,200.072862709,199.730170878,198.896636287,198.997540152,200.283455603,200.406666582,200.082275309,199.927934735,199.001547603,199.333317894,199.053885441,200.947711793,198.813017765,2
234,200.494995972,199.390057773,199.596499385,199.600997837,200.224189966,198.350401486,201.13078605,200.668526253,199.57195429,197.955507536,199.401961031,197.910944235,199.744938369,199.6563836,202.414009126,198.722346224,198.168443186,200.212162763,199.682170818,199.211202939,2
235,200.701363391,200.235973813,198.572981642,199.19393568,199.580081047,198.066403725,199.2156181,200.153084642,201.56098869,200.764826147,200.595302982,200.390731276,199.388304722,200.298776298,198.944618692,201.223431287,198.564788447,199.730672167,200.79103571,199.75071682,2
236,200.435792013,201.671029816,201.159442379,200.361339883,200.126599372,198.66890053,199.804007155,199.967975455,200.099219165,199.247148468,200.188329459,200.664191209,198.931772337,199.268349538,201.644725128,198.619166243,199.040291634,199.059785803,199.218235872,201.357959294,2
237,199.702013538,200.453102489,198.861847373,199.638293738,201.011236851,200.081151498,198.569183818,199.497287668,199.856850712,200.566202802,199.683245313,199.313298688,201.034142023,199.22983658,199.431680265,198.582113561,199.549202932,200.245157815,199.961466046,199.338570755,2
238,199.188563483,199.129937981,199.941109622,198.741888933,202.900180642,200.868169775,199.237233852,198.813512166,200.818120846,200.248579517,200.466430566,200.225851657,199.330655235,199.652512074,199.53990891,197.810207201,199.428217865,199.754992743,200.557587608,199.480085495,2
239,199.000786653,198.790222331,200.320585744,200.342497589,199.439591841,199.546765046,200.029411365,199.221464213,200.163631157,199.709898903,200.301698418,198.070010152,199.352996027,201.59006752,200.766855663,199.409414591,200.707956819,198.534382239,198.952065953,201.022890423,2
240,199.208311129,198.673169784,201.099089957,201.058552595,199.22388482,200.521200415,201.483921531,200.677219555,200.535475766,199.340200952,200.554668095,197.939906753,202.051025197,201.123396249,199.597540732,199.364245575,199.054449643,200.580829665,198.999638288,199.693764246,2
241,198.518405544,200.400174697,199.201391092,199.388027368,201.615089033,200.259718237,199.737924329,201.169569137,200.424290849,201.776300147,200.216254161,201.007476643,199.269939159,200.583807408,201.730119785,200.017798258,200.143726787,201.464468359,200.568024017,199.274203571,2
242,199.770403144,198.980241716,199.853690641,200.707557064,201.241317798,201.524728048,199.454178463,200.521523123,201.028126405,198.54508566,199.573843039,199.653976645,199.987025832,200.286808019,201.245875738,201.466198616,200.051846582,200.037406497,200.47111666,198.458257275,2
243,200.261314208,198.802295074,200.224553784,199.877623235,200.037787338,198.583547533,199.96587328,200.488788023,200.336911365,199.011869251,200.832364224,201.255773237,200.69658745,202.332264184,201.150431784,197.751457851,197.80033914,198.893004476,198.522515043,200.01183348,2
244,200.647043024,198.75014726,199.629947544,200.903323645,201.52398839,200.778259428,200.309511917,200.471267303,199.850229098,198.527290177,199.623509361,200.138438498,201.675218259,200.851992835,199.802540508,201.474802817,200.060323144,200.340193552,199.830583951,199.572094413,2
245,201.267675749,198.901946686,198.947083997,201.611808902,200.914863832,198.126678563,201.586396682,200.843940409,199.731574225,199.788227542,199.78786746,200.60774663,200.932670575,199.375584477,198.934535929,199.151239582,197.372830789,197.694705897,199.209708995,197.852917006,2
246,199.802705858,200.869542254,199.899506599,202.299639309,197.659198396,200.026069186,201.329284441,201.212460884,201.65412708,201.616763967,200.400872294,199.551727435,200.310906354,197.727424145,200.898399936,199.972028757,200.273113385,201.26706227,200.035018772,199.287266931,2
247,200.752414816,199.97989947,198.185838247,201.684801306,198.064984161,200.335976154,199.768926186,198.518112193,199.494157186,198.601472497,201.207097753,200.480614805,201.197746515,199.34441956,198.841282719,198.975593754,199.219534336,200.445003974,199.312493318,200.519163381,2
248,199.195476825,198.98577378,200.924733592,199.539230001,200.300188489,200.704469446,198.104075804,200.486861841,200.360405877,199.220399906,196.995871486,200.268615372,202.018937967,199.854074363,200.099466037,197.551630628,199.128075654,200.428596113,200.321457501,199.364806904,2
249,199.720156583,200.418100392,198.191636799,198.734867961,199.784525851,198.159072381,200.172843352,197.937112726,200.73329479,199.106486355,199.162656357,198.820412274,202.057503412,200.682050293,198.644575253,200.273724673,200.216725118,199.711246531,199.918992993,198.081463839,2
250,200.787723854,200.392919743,199.938356279,201.047488098,200.56304932,199.939663891,200.344278886,200.44356482,200.33167379,199.405285645,199.755468809,199.935717159,199.370139482,198.602374611,199.786724235,200.793030422,197.3058896,199.585279956,200.877965083,200.581602182,2
251,200.71456118,199.815146013,200.123067864,201.412814501,200.012972721,199.519604453,199.058420597,199.091103847,199.644882062,200.779673454,199.026918539,199.604844189,199.665439678,198.689321605,199.822630348,198.737296265,198.866442728,201.113554026,198.952859319,198.535377717,2
252,199.515986017,200.789611658,199.204013366,200.399581407,200.787080655,197.71051022,200.552142206,198.943793079,199.604970106,198.860961804,201.030808596,202.168347869,200.411324688,200.459405045,198.609975637,200.885468785,198.530564846,197.448834899,201.616220882,200.507027839,2
253,200.708964785,200.486850221,199.560877904,200.252576653,200.173855348,200.564889211,201.282525916,200.318670754,201.450739329,199.686805002,199.711229861,202.241169879,199.118490143,201.245952637,200.707825956,199.819307001,196.526855307,200.579449961,198.464523873,199.271893621,2
254,197.635437897,199.245188536,200.18739531,200.048429114,199.455695135,199.580822035,198.881919482,200.452020803,200.232672198,200.787476953,200.295223524,197.775584037,201.153721131,199.458616386,199.183363911,200.658247692,200.369531351,200.937296023,199.823654007,199.713295361,2
255,200.523858735,200.52318785,198.913068593,198.791634208,198.507539855,200.063004617,200.489442745,198.655354325,201.019297148,198.883729998,199.339332326,199.808115079,201.565504982,200.279104231,200.907252331,199.592226322,199.095615932,200.27999472,200.737955342,199.712184542,2
256,201.842921084,199.57977583,197.673026242,202.49334291,200.475528485,200.282799466,198.834970674,201.307359945,201.120093691,200.220961916,198.249876885,198.943921856,201.137557499,201.867898915,199.5421607,199.869183187,198.459886516,199.831757275,198.484930548,200.743591513,2
257,200.791510053,201.144542006,200.296187476,199.771548574,199.380079768,200.796050302,199.290594039,198.795938985,199.576727061,200.073205121,199.715832733,200.383412218,199.492083797,200.643859857,201.14817572,201.102880059,199.873399893,198.859832356,200.113717556,198.912741697,2
258,198.280190528,200.784843298,196.008431653,199.555787981,200.902134492,200.104035936,201.315393352,199.258536974,198.475986457,199.34946089,200.466622487,199.961223651,201.129469855,198.971389693,200.456030433,200.41292496,200.439924088,199.744760965,199.645443054,199.283048007,2
259,202.147000712,200.236972181,202.89410452,199.551729013,200.58443719,199.988619928,200.953981289,199.983505779,200.83151127,197.767282115,200.335294883,200.399667318,199.580382595,199.359984508,201.132624174,200.915137323,198.227537654,199.989816372,199.502133254,199.422325473,2
260,200.914867386,200.044101792,198.574364965,200.005246807,201.218745215,200.637565015,201.682851687,198.203587304,199.664637826,201.55779894,200.732806073,202.065745018,199.122259589,200.316138863,200.401342487,201.649069192,199.238821699,199.817741557,200.464290113,199.574769339,2
261,201.137365189,200.084256658,199.084386832,199.957765788,201.352402252,200.136869171,199.58540296,201.439813524,200.141713825,198.774282839,200.142333722,199.645490009,200.695721886,200.02197644,200.052430009,200.507256747,202.269956517,200.591235232,200.957277153,197.789244156,2
262,199.886372836,200.782686878,202.585150255,199.71344698,200.98611193,199.593083137,197.674585396,201.906635839,201.472980764,199.237070235,199.268958518,200.392634185,199.58058748,200.098813015,200.677160592,201.278418159,200.635106304,200.051302953,198.659757291,201.054699962,2
263,198.595111802,198.020192302,200.018036195,200.951452457,200.147468595,199.969336695,198.943787384,200.600892068,199.436722204,200.587161673,201.959099606,198.334269583,199.726102058,201.641815958,200.027032683,201.957152044,200.790165866,198.96147586,199.234116239,199.452218234,2
264,200.696899196,200.322166299,198.618573842,200.450225478,200.25289574,199.511021676,200.015215001,199.590116886,200.748314183,199.878043222,199.741993078,200.1372821,200.643449074,201.624793817,199.139504937,199.0089484,198.618718839,200.777365199,201.54741831,201.505241663,2
265,198.945716495,199.338888645,200.910996085,200.034272235,199.728680877,200.199715278,200.135148419,199.35636919,198.774642674,200.302715623,200.295932504,200.117942437,200.663568333,199.099248301,200.546773183,199.752546201,200.102622833,199.751462043,201.347591088,201.397336197,2
266,200.65878426,201.191374339,201.295217988,199.18177166,202.001015095,199.555813876,200.795812727,200.218788749,199.961933026,199.620951545,200.161546491,199.851624655,202.314673973,199.721343105,198.277894753,200.909672072,200.205406731,199.521424716,199.817358798,200.028755839,2
267,200.099230318,199.792733813,199.336682365,200.095711685,198.535970348,200.737181862,199.663535507,200.483811169,199.181542913,199.264100415,201.707968274,201.543934099,197.777609922,200.603219947,199.489148888,197.966210208,199.58223376,200.971087947,198.091668829,198.523053039,2
268,198.95501894,200.029456942,199.907086167,201.310776391,199.196985891,199.132521945,199.639893369,201.049984699,199.826216684,200.056561461,201.09012964,199.849677826,198.618428777,199.815044567,199.365937546,199.574822852,200.150139262,199.559817825,199.712042158,200.034394549,2
269,200.581075793,200.06237057,199.047448889,200.921990738,200.423106196,200.214702767,200.20331971,200.048801677,199.758750068,198.577194351,201.564653333,198.803996562,200.415548749,201.875537211,199.392701758,198.28371122,200.35111218,200.513859657,198.534209694,199.784590663,2
270,199.567602371,199.724197709,200.45153308,200.257831046,201.202036061,199.456444002,201.238171654,200.371157482,199.287779656,199.6723217,199.885242292,201.096520249,200.181604139,198.908352479,200.358806967,200.309396869,200.065034336,198.787479169,199.24022604,201.602721876,2
271,199.516002363,199.731817293,199.492727085,200.421708524,198.760816622,198.513917576,199.229812072,200.422607746,199.451130519,199.176290776,198.724750275,200.190688772,201.602776248,198.43056137,198.838106807,199.392342589,202.433089201,199.656425685,199.65524776,198.375795412,2
272,200.801957846,199.790900559,199.589412955,201.240678806,200.755665579,201.54237241,200.170722918,199.87512019,199.335641053,199.15924384,200.915651863,198.764642333,198.23496598,198.900964495,199.646057846,199.839131554,200.062679953,200.005269053,200.71361113,200.434989289,2
273,200.064573662,199.083721903,199.186441299,197.114587977,200.350208249,200.571703983,199.912267944,198.308703787,199.389543028,199.350029012,199.592126181,199.842319631,199.042797355,199.819076599,201.223788068,198.570903291,200.064210402,199.806668417,199.302487742,200.33652084,2
274,199.462695033,201.208514767,201.743991089,201.296675459,200.39309875,201.059301695,201.191230805,201.743389914,199.007491482,199.97515087,199.294590249,198.764819965,199.838486585,199.032686135,199.639050426,200.65434575,199.505979973,199.65479135,200.178026124,199.193648189,2
275,202.130372489,199.463623641,200.380995582,198.688411072,200.253095719,199.035119135,200.22750834,199.230199532,200.606567544,198.824634841,201.370769578,201.169229926,199.556545927,199.936992778,201.284073283,199.180773257,201.584525875,198.919216407,199.163241955,200.390372903,2
276,198.378663402,198.9278572,199.574440599,200.691165386,199.46701203,198.989003464,200.83303819,200.668302109,199.142624602,200.021391774,201.219985615,200.228636395,199.669548994,201.072448642,200.464442042,197.991721154,201.157878027,199.873567089,201.831052219,199.952316545,2
277,200.883575253,201.267154887,200.283291828,200.216320666,198.723263069,198.080183441,199.292916111,200.566736775,200.967279987,199.923882783,198.616603784,198.675176757,201.133300596,200.585697845,197.922846905,200.129804684,199.409050076,200.080044674,199.12723831,201.048155879,2
278,199.76651212,198.583583805,199.960027191,199.656001903,200.084016807,200.773156702,199.964749207,200.50233233,201.635431277,201.063772016,201.90210263,200.383983422,199.589941373,199.780524772,199.578434488,198.721342566,199.276914691,200.203083548,199.708168646,198.975175913,2
279,200.19853975,201.016312038,201.065518516,198.82167883,198.474623775,199.835448702,199.756457406,200.028437217,201.449504587,198.049098605,197.863691225,199.622525041,200.597575153,200.371443147,200.158107642,200.055712145,199.753223367,200.558529869,199.993813464,198.958908772,2
280,200.393173527,200.263777215,201.43078605,201.451248224,200.614200542,200.125227088,199.228358908,200.456967162,200.840685873,198.977684273,201.164048384,200.946871333,199.362651731,199.473052605,199.201808772,199.324473002,199.528110098,199.90696731,198.198870411,199.821934632,2
281,200.558010109,200.980971049,199.723872789,200.35109196,198.543839323,199.531606104,200.775104197,198.452838744,198.616328318,199.548940995,201.589710663,198.258600649,199.899986855,200.108603504,199.983045726,200.37869227,199.267987902,199.700262926,199.584934402,200.047701192,2
282,199.83881295,199.594623856,200.589740118,200.229592766,200.716184126,199.957631284,198.88195287,199.750988661,200.769768261,199.097283402,201.509302035,200.719076623,198.954003026,199.310929996,201.536751279,199.906476513,200.826246789,199.437107513,201.963570211,201.496710855,2
283,200.50409903,201.497327078,199.418477935,200.452123567,202.010677754,199.020709392,201.061635856,199.526626616,199.709329898,200.497647963,199.720440337,200.012585802,199.041254956,199.678208508,199.401697163,199.32053789,198.677576905,199.575574979,201.339289245,198.454569538,2
284,200.123364686,201.00676592,199.365625263,199.996987673,200.911961263,200.644578038,201.466728186,198.435824692,199.679390719,199.499131118,199.556697616,198.132818488,201.396609943,198.617126589,201.309558183,201.17281023,199.269028689,198.733119238,200.694829354,199.598130563,2
285,197.290846078,199.986982205,200.798033163,201.253737529,200.864480629,199.128518302,198.656329324,200.502454054,201.15915732,199.403887114,200.096060507,200.666652271,198.998315367,198.809625948,199.689910631,201.293218056,201.094617265,200.376139206,199.688792029,199.102308036,2
286,199.852661407,200.360159293,201.375926201,199.719148751,201.270985579,200.222072616,199.032731653,200.588970641,200.360304857,199.899258328,199.595201698,200.488493166,200.545239204,199.928216413,199.516045235,200.118688038,200.000044051,198.222087285,198.477462466,201.587110533,2
287,198.704461159,199.628082408,201.092005474,200.523459616,199.982193201,200.063222404,199.642419196,199.906923886,200.292869708,200.351258664,200.687640221,199.777747377,203.005029855,201.524459994,199.812826217,201.483352284,198.496406698,199.77819354,201.484413757,201.095357949,2
288,200.329602524,200.42370581,198.962111509,200.151460349,200.003084354,197.958684795,200.482734665,199.533948669,199.978222955,197.120669665,199.558193425,199.058834677,198.614033366,199.648108503,200.021122567,200.383899121,200.151254546,200.113380988,199.273826946,199.936747083,2
289,198.152839475,198.903570612,200.669517761,199.694607253,201.05390755,199.653007593,198.617827159,201.990028112,201.920593342,200.484598164,198.826858905,200.829355613,199.851334929,199.802518175,200.055347529,199.621961433,201.597480716,198.542121253,198.473666886,201.887844401,2
290,199.914937532,198.285600357,200.775804127,199.542571166,199.733144247,199.0067421,200.938198411,200.220906359,199.183514864,201.213491392,201.042108086,198.924767592,199.526881648,199.138376764,199.080578647,201.197516657,198.462982027,199.808077978,201.47513432,199.806159421,2
291,199.157382433,199.904890499,199.365784577,200.234237727,199.320767272,200.128933331,202.944840707,200.425881822,198.960105691,202.255835381,198.480968963,199.375799979,200.559256015,201.000944322,198.326928972,199.805930522,199.428850919,200.196514044,199.406770233,201.706879374,2
292,201.191523346,199.976539912,201.19099474,198.174331101,200.884112217,200.880470263,199.90129003,200.282207477,200.169569086,199.817705598,200.675902907,199.442449451,200.046240846,199.553562443,200.135944712,196.712155835,199.54685592,202.110461291,199.581348003,200.81540437,2
293,202.361480272,200.047657754,201.17662005,199.574526487,199.881535936,201.032303719,199.454066371,198.349121192,201.182249899,199.293592716,200.568015129,200.077597481,198.721403389,199.720471711,200.602445817,199.302678828,199.542724443,199.751886669,199.436366689,199.155204184,2
294,200.228771787,200.283679844,197.056297099,199.678088588,198.849775546,199.933038453,198.808229433,199.692924841,201.139185691,199.373859811,199.926411702,199.824400714,198.255676645,200.04389891,197.879955243,200.163427544,200.709302579,198.808123797,201.319277032,198.448940243,2
295,197.859107251,198.815179079,197.952489383,199.632053102,199.5138034,199.475510756,200.519687325,198.836625895,199.617773729,200.125502806,199.290391737,198.910729173,200.396990528,199.512390674,199.753211891,199.942557346,199.65907722,199.61130406,199.378847808,200.678313878,2
296,200.950172107,198.169154291,199.989604669,199.296043644,198.50348825,200.032012198,200.421510135,200.986011452,199.564511539,200.509489875,199.14884735,200.015518694,201.126370976,201.061126721,199.323391269,199.861053222,201.59324065,199.640375101,200.418783392,199.868684623,2
297,199.33062282,199.111740473,200.1622596,200.182173877,200.152816022,199.65694492,200.79256184,200.792625651,202.392672854,198.461602234,200.56370237,200.194832218,199.660617834,199.515374099,198.991303965,200.144763133,198.11972592,199.897757419,200.236919413,198.296095583,2
298,198.637956185,200.674889548,202.375217181,199.317272234,199.45213244,199.48729055,200.34721328,197.580924755,197.862200381,199.669869654,202.040796988,201.443058557,198.651582682,200.862365201,201.703860274,200.360752468,200.157535929,200.044096951,199.092834527,200.213116511,2
299,200.078239175,199.636726833,199.686007746,200.360419463,199.846097289,196.655516188,199.80006371,201.756840702,198.372405423,199.801976562,200.044730714,201.026884018,201.008556283,201.418485258,198.866765843,200.215694977,200.547292071,199.49052762,201.361754692,200.431048487,2
